postcode,population,active,cases,rate,new,band,data_date,file_processed_date
3000,37979,342,18872,900.5,60,6,27/06/2022,2022-06-28
3001,0,0,0,0,0,0,27/06/2022,2022-06-28
3002,4957,40,1697,806.9,7,6,27/06/2022,2022-06-28
3003,5516,73,3483,1323.4,18,7,27/06/2022,2022-06-28
3004,9311,77,4222,827,14,6,27/06/2022,2022-06-28
3005,523,0,0,0,0,0,27/06/2022,2022-06-28
3006,18811,182,8676,967.5,39,6,27/06/2022,2022-06-28
3008,10438,111,4899,1063.4,17,7,27/06/2022,2022-06-28
3010,1595,0,4,0,0,0,27/06/2022,2022-06-28
3011,21464,165,8733,768.7,31,6,27/06/2022,2022-06-28
3012,26295,212,10326,806.2,37,6,27/06/2022,2022-06-28
3013,14967,130,5905,868.6,28,6,27/06/2022,2022-06-28
3015,17472,125,6704,715.4,17,6,27/06/2022,2022-06-28
3016,15558,118,5310,758.5,13,6,27/06/2022,2022-06-28
3018,12685,93,3969,733.1,14,6,27/06/2022,2022-06-28
3019,9199,46,3356,500.1,9,6,27/06/2022,2022-06-28
3020,44784,195,14645,435.4,35,5,27/06/2022,2022-06-28
3021,54190,158,16334,291.6,33,5,27/06/2022,2022-06-28
3022,3102,18,1135,580.3,3,6,27/06/2022,2022-06-28
3023,63974,315,23894,492.4,64,5,27/06/2022,2022-06-28
3024,23852,209,11761,876.2,38,6,27/06/2022,2022-06-28
3025,12155,70,4655,575.9,11,6,27/06/2022,2022-06-28
3026,72,46,3295,63888.9,6,7,27/06/2022,2022-06-28
3027,6650,46,3159,691.7,9,6,27/06/2022,2022-06-28
3028,29198,186,8943,637,24,6,27/06/2022,2022-06-28
3029,93946,678,42534,721.7,119,6,27/06/2022,2022-06-28
3030,100311,775,38624,772.6,121,6,27/06/2022,2022-06-28
3031,18533,163,6753,879.5,23,6,27/06/2022,2022-06-28
3032,29449,210,10944,713.1,31,6,27/06/2022,2022-06-28
3033,14512,63,5007,434.1,13,5,27/06/2022,2022-06-28
3034,11633,66,4251,567.4,10,6,27/06/2022,2022-06-28
3036,5921,14,1937,236.4,3,5,27/06/2022,2022-06-28
3037,51156,268,18681,523.9,46,6,27/06/2022,2022-06-28
3038,27258,124,8940,454.9,26,5,27/06/2022,2022-06-28
3039,14252,130,5897,912.2,13,6,27/06/2022,2022-06-28
3040,25939,186,9624,717.1,30,6,27/06/2022,2022-06-28
3041,12412,95,4708,765.4,21,6,27/06/2022,2022-06-28
3042,15762,112,5875,710.6,28,6,27/06/2022,2022-06-28
3043,17715,115,6350,649.2,19,6,27/06/2022,2022-06-28
3044,27116,177,10636,652.8,28,6,27/06/2022,2022-06-28
3045,100,2,116,2000,0,7,27/06/2022,2022-06-28
3046,34061,198,13221,581.3,42,6,27/06/2022,2022-06-28
3047,20901,49,7221,234.4,14,5,27/06/2022,2022-06-28
3048,18025,51,5904,282.9,9,5,27/06/2022,2022-06-28
3049,9266,58,3682,625.9,3,6,27/06/2022,2022-06-28
3050,119,0,0,0,0,0,27/06/2022,2022-06-28
3051,14939,142,5567,950.5,26,6,27/06/2022,2022-06-28
3052,5697,64,2813,1123.4,9,7,27/06/2022,2022-06-28
3053,18538,136,6600,733.6,34,6,27/06/2022,2022-06-28
3054,8426,70,3146,830.8,4,6,27/06/2022,2022-06-28
3055,14160,146,5482,1031.1,18,7,27/06/2022,2022-06-28
3056,24475,278,10150,1135.9,41,7,27/06/2022,2022-06-28
3057,11502,155,5429,1347.6,24,7,27/06/2022,2022-06-28
3058,33783,334,13656,988.7,54,6,27/06/2022,2022-06-28
3059,15466,119,7747,769.4,26,6,27/06/2022,2022-06-28
3060,14040,60,4730,427.4,14,5,27/06/2022,2022-06-28
3061,5059,21,1746,415.1,5,5,27/06/2022,2022-06-28
3062,0,0,4,0,0,0,27/06/2022,2022-06-28
3063,574,4,167,696.9,1,6,27/06/2022,2022-06-28
3064,75458,440,40257,583.1,78,6,27/06/2022,2022-06-28
3065,10447,93,4224,890.2,14,6,27/06/2022,2022-06-28
3066,8512,76,3724,892.9,11,6,27/06/2022,2022-06-28
3067,8199,85,3499,1036.7,14,7,27/06/2022,2022-06-28
3068,18665,166,7609,889.4,29,6,27/06/2022,2022-06-28
3070,24567,209,9991,850.7,40,6,27/06/2022,2022-06-28
3071,18569,182,7475,980.1,28,6,27/06/2022,2022-06-28
3072,32848,321,12381,977.2,57,6,27/06/2022,2022-06-28
3073,50479,372,17234,736.9,58,6,27/06/2022,2022-06-28
3074,20522,73,6472,355.7,12,5,27/06/2022,2022-06-28
3075,22594,125,7727,553.2,23,6,27/06/2022,2022-06-28
3076,32395,193,12011,595.8,21,6,27/06/2022,2022-06-28
3078,11638,107,4530,919.4,24,6,27/06/2022,2022-06-28
3079,15990,142,5743,888.1,16,6,27/06/2022,2022-06-28
3081,13424,97,4831,722.6,18,6,27/06/2022,2022-06-28
3082,29713,206,9737,693.3,30,6,27/06/2022,2022-06-28
3083,31526,236,10481,748.6,47,6,27/06/2022,2022-06-28
3084,25514,191,8808,748.6,30,6,27/06/2022,2022-06-28
3085,13882,117,4812,842.8,22,6,27/06/2022,2022-06-28
3086,908,0,7,0,0,0,27/06/2022,2022-06-28
3087,9033,62,3015,686.4,13,6,27/06/2022,2022-06-28
3088,26890,214,9480,795.8,31,6,27/06/2022,2022-06-28
3089,11739,87,4431,741.1,19,6,27/06/2022,2022-06-28
3090,2362,17,943,719.7,3,6,27/06/2022,2022-06-28
3091,1585,10,426,630.9,3,6,27/06/2022,2022-06-28
3093,3891,24,1355,616.8,9,6,27/06/2022,2022-06-28
3094,8963,65,3089,725.2,9,6,27/06/2022,2022-06-28
3095,27770,209,9649,752.6,57,6,27/06/2022,2022-06-28
3096,1966,17,618,864.7,2,6,27/06/2022,2022-06-28
3097,1443,10,453,693,3,6,27/06/2022,2022-06-28
3099,4877,38,1433,779.2,3,6,27/06/2022,2022-06-28
3101,24604,177,7895,719.4,19,6,27/06/2022,2022-06-28
3102,6634,51,2256,768.8,7,6,27/06/2022,2022-06-28
3103,15343,85,4236,554,22,6,27/06/2022,2022-06-28
3104,20404,164,6389,803.8,25,6,27/06/2022,2022-06-28
3105,10877,60,3687,551.6,12,6,27/06/2022,2022-06-28
3106,16620,140,5152,842.4,34,6,27/06/2022,2022-06-28
3107,13557,100,4441,737.6,14,6,27/06/2022,2022-06-28
3108,20823,182,7529,874,33,6,27/06/2022,2022-06-28
3109,28357,238,8949,839.3,30,6,27/06/2022,2022-06-28
3111,12348,113,3885,915.1,28,6,27/06/2022,2022-06-28
3113,8460,66,2874,780.1,8,6,27/06/2022,2022-06-28
3114,3823,33,1217,863.2,3,6,27/06/2022,2022-06-28
3115,3799,25,1195,658.1,6,6,27/06/2022,2022-06-28
3116,9872,74,3753,749.6,15,6,27/06/2022,2022-06-28
3121,30502,234,12102,767.2,32,6,27/06/2022,2022-06-28
3122,23508,157,7657,667.9,35,6,27/06/2022,2022-06-28
3123,14319,84,4895,586.6,18,6,27/06/2022,2022-06-28
3124,22091,165,7146,746.9,35,6,27/06/2022,2022-06-28
3125,15021,110,4547,732.3,23,6,27/06/2022,2022-06-28
3126,8060,45,2311,558.3,5,6,27/06/2022,2022-06-28
3127,18445,162,5758,878.3,20,6,27/06/2022,2022-06-28
3128,19832,153,6541,771.5,38,6,27/06/2022,2022-06-28
3129,17374,135,5362,777,21,6,27/06/2022,2022-06-28
3130,32171,307,10525,954.3,45,6,27/06/2022,2022-06-28
3131,22499,194,6707,862.3,38,6,27/06/2022,2022-06-28
3132,16148,165,5273,1021.8,23,7,27/06/2022,2022-06-28
3133,22119,194,6691,877.1,36,6,27/06/2022,2022-06-28
3134,32782,314,11001,957.8,46,6,27/06/2022,2022-06-28
3135,19954,208,6633,1042.4,31,7,27/06/2022,2022-06-28
3136,44373,407,14497,917.2,83,6,27/06/2022,2022-06-28
3137,13872,138,4782,994.8,30,6,27/06/2022,2022-06-28
3138,21964,184,7756,837.7,34,6,27/06/2022,2022-06-28
3139,13722,82,4089,597.6,17,6,27/06/2022,2022-06-28
3140,16532,151,5500,913.4,23,6,27/06/2022,2022-06-28
3141,25149,145,8797,576.6,26,6,27/06/2022,2022-06-28
3142,12912,61,3601,472.4,11,5,27/06/2022,2022-06-28
3143,9052,63,3005,696,12,6,27/06/2022,2022-06-28
3144,10885,53,3504,486.9,11,5,27/06/2022,2022-06-28
3145,23294,161,7743,691.2,44,6,27/06/2022,2022-06-28
3146,25256,184,8635,728.5,30,6,27/06/2022,2022-06-28
3147,14634,126,4980,861,28,6,27/06/2022,2022-06-28
3148,8643,82,3007,948.7,10,6,27/06/2022,2022-06-28
3149,33612,268,10339,797.3,42,6,27/06/2022,2022-06-28
3150,60082,399,17815,664.1,71,6,27/06/2022,2022-06-28
3151,10269,61,2962,594,8,6,27/06/2022,2022-06-28
3152,33089,308,10658,930.8,54,6,27/06/2022,2022-06-28
3153,20552,178,6916,866.1,32,6,27/06/2022,2022-06-28
3154,4418,47,1534,1063.8,5,7,27/06/2022,2022-06-28
3155,22193,165,7329,743.5,39,6,27/06/2022,2022-06-28
3156,37458,272,12402,726.1,40,6,27/06/2022,2022-06-28
3158,6648,50,2262,752.1,7,6,27/06/2022,2022-06-28
3159,2652,20,818,754.1,1,6,27/06/2022,2022-06-28
3160,9014,73,3083,809.9,12,6,27/06/2022,2022-06-28
3161,15271,108,6218,707.2,18,6,27/06/2022,2022-06-28
3162,17452,125,6807,716.3,32,6,27/06/2022,2022-06-28
3163,32355,257,10735,794.3,53,6,27/06/2022,2022-06-28
3164,0,0,0,0,0,0,27/06/2022,2022-06-28
3165,27636,184,10446,665.8,30,6,27/06/2022,2022-06-28
3166,23759,194,8422,816.5,40,6,27/06/2022,2022-06-28
3167,9259,69,3236,745.2,15,6,27/06/2022,2022-06-28
3168,20200,145,7288,717.8,32,6,27/06/2022,2022-06-28
3169,20122,118,6572,586.4,18,6,27/06/2022,2022-06-28
3170,19370,123,6615,635,22,6,27/06/2022,2022-06-28
3171,21713,72,6442,331.6,15,5,27/06/2022,2022-06-28
3172,23091,115,7221,498,23,5,27/06/2022,2022-06-28
3173,25785,124,9864,480.9,20,5,27/06/2022,2022-06-28
3174,38465,140,12303,364,27,5,27/06/2022,2022-06-28
3175,53297,211,16713,395.9,51,5,27/06/2022,2022-06-28
3177,11305,56,3412,495.4,9,5,27/06/2022,2022-06-28
3178,33669,211,10728,626.7,49,6,27/06/2022,2022-06-28
3179,6019,45,2020,747.6,7,6,27/06/2022,2022-06-28
3180,7462,43,2328,576.3,4,6,27/06/2022,2022-06-28
3181,20267,138,7758,680.9,19,6,27/06/2022,2022-06-28
3182,23394,159,8712,679.7,39,6,27/06/2022,2022-06-28
3183,18491,125,7295,676,17,6,27/06/2022,2022-06-28
3184,15547,117,5370,752.6,20,6,27/06/2022,2022-06-28
3185,12932,81,4835,626.4,20,6,27/06/2022,2022-06-28
3186,23258,158,7431,679.3,29,6,27/06/2022,2022-06-28
3187,15997,94,5776,587.6,14,6,27/06/2022,2022-06-28
3188,18082,132,6145,730,26,6,27/06/2022,2022-06-28
3189,5894,56,2328,950.1,9,6,27/06/2022,2022-06-28
3190,10457,115,4222,1099.7,25,7,27/06/2022,2022-06-28
3191,10242,113,3595,1103.3,12,7,27/06/2022,2022-06-28
3192,22292,174,8295,780.5,29,6,27/06/2022,2022-06-28
3193,19505,124,6264,635.7,31,6,27/06/2022,2022-06-28
3194,12965,82,4435,632.5,15,6,27/06/2022,2022-06-28
3195,35867,273,12890,761.1,66,6,27/06/2022,2022-06-28
3196,25329,238,8810,939.6,43,6,27/06/2022,2022-06-28
3197,11547,85,3676,736.1,14,6,27/06/2022,2022-06-28
3198,16462,102,5477,619.6,19,6,27/06/2022,2022-06-28
3199,54299,367,17530,675.9,86,6,27/06/2022,2022-06-28
3200,5759,31,1728,538.3,5,6,27/06/2022,2022-06-28
3201,20713,161,7257,777.3,26,6,27/06/2022,2022-06-28
3202,2907,25,940,860,8,6,27/06/2022,2022-06-28
3204,30642,205,11010,669,30,6,27/06/2022,2022-06-28
3205,10919,99,4109,906.7,15,6,27/06/2022,2022-06-28
3206,10366,78,3452,752.5,14,6,27/06/2022,2022-06-28
3207,16180,124,6207,766.4,24,6,27/06/2022,2022-06-28
3211,1319,7,375,530.7,1,6,27/06/2022,2022-06-28
3212,16650,183,6044,1099.1,21,7,27/06/2022,2022-06-28
3213,4032,0,0,0,0,0,27/06/2022,2022-06-28
3214,23960,143,6846,596.8,22,6,27/06/2022,2022-06-28
3215,20615,200,6725,970.2,32,6,27/06/2022,2022-06-28
3216,56285,515,19525,915,74,6,27/06/2022,2022-06-28
3217,6607,219,8297,3314.7,30,7,27/06/2022,2022-06-28
3218,13438,156,4979,1160.9,31,7,27/06/2022,2022-06-28
3219,19719,183,5992,928,34,6,27/06/2022,2022-06-28
3220,16352,156,5560,954,32,6,27/06/2022,2022-06-28
3221,754,7,240,928.4,1,6,27/06/2022,2022-06-28
3222,14962,176,5141,1176.3,29,7,27/06/2022,2022-06-28
3223,7401,56,2173,756.7,7,6,27/06/2022,2022-06-28
3224,14187,123,4562,867,19,6,27/06/2022,2022-06-28
3225,4058,55,1488,1355.3,8,7,27/06/2022,2022-06-28
3226,14161,136,5767,960.4,24,6,27/06/2022,2022-06-28
3227,4821,56,1592,1161.6,9,7,27/06/2022,2022-06-28
3228,17939,191,8052,1064.7,26,7,27/06/2022,2022-06-28
3230,2548,29,937,1138.1,6,7,27/06/2022,2022-06-28
3231,1257,26,510,2068.4,3,7,27/06/2022,2022-06-28
3232,1111,8,422,720.1,4,6,27/06/2022,2022-06-28
3233,2029,13,463,640.7,4,6,27/06/2022,2022-06-28
3234,179,0,0,0,0,0,27/06/2022,2022-06-28
3235,380,3,120,789.5,0,6,27/06/2022,2022-06-28
3236,230,4,46,1739.1,0,7,27/06/2022,2022-06-28
3237,218,3,32,1376.1,1,7,27/06/2022,2022-06-28
3238,219,6,47,2739.7,0,7,27/06/2022,2022-06-28
3239,423,7,92,1654.8,3,7,27/06/2022,2022-06-28
3240,2026,17,692,839.1,0,6,27/06/2022,2022-06-28
3241,2565,35,746,1364.5,6,7,27/06/2022,2022-06-28
3242,828,7,207,845.4,0,6,27/06/2022,2022-06-28
3243,357,1,93,280.1,0,5,27/06/2022,2022-06-28
3249,3204,21,631,655.4,4,6,27/06/2022,2022-06-28
3250,12250,54,3248,440.8,11,5,27/06/2022,2022-06-28
3251,522,0,108,0,0,0,27/06/2022,2022-06-28
3254,307,3,104,977.2,0,6,27/06/2022,2022-06-28
3260,4768,47,1002,985.7,9,6,27/06/2022,2022-06-28
3264,2289,12,560,524.2,2,6,27/06/2022,2022-06-28
3265,2614,17,593,650.3,4,6,27/06/2022,2022-06-28
3266,3071,20,709,651.3,5,6,27/06/2022,2022-06-28
3267,245,0,41,0,0,0,27/06/2022,2022-06-28
3268,2601,9,551,346,0,5,27/06/2022,2022-06-28
3269,729,2,144,274.3,1,5,27/06/2022,2022-06-28
3270,251,0,63,0,0,0,27/06/2022,2022-06-28
3271,193,2,25,1036.3,0,7,27/06/2022,2022-06-28
3272,1533,5,301,326.2,3,5,27/06/2022,2022-06-28
3273,146,1,22,684.9,0,6,27/06/2022,2022-06-28
3274,242,0,42,0,0,0,27/06/2022,2022-06-28
3275,426,1,143,234.7,0,5,27/06/2022,2022-06-28
3276,479,4,110,835.1,0,6,27/06/2022,2022-06-28
3277,1922,12,453,624.3,1,6,27/06/2022,2022-06-28
3278,315,0,89,0,0,0,27/06/2022,2022-06-28
3279,291,1,72,343.6,1,5,27/06/2022,2022-06-28
3280,31568,194,9704,614.5,36,6,27/06/2022,2022-06-28
3281,1702,31,533,1821.4,10,7,27/06/2022,2022-06-28
3282,2363,14,729,592.5,4,6,27/06/2022,2022-06-28
3283,1361,14,339,1028.7,2,7,27/06/2022,2022-06-28
3284,3437,16,969,465.5,6,5,27/06/2022,2022-06-28
3285,1210,8,308,661.2,4,6,27/06/2022,2022-06-28
3286,564,1,95,177.3,0,4,27/06/2022,2022-06-28
3287,436,2,84,458.7,0,5,27/06/2022,2022-06-28
3289,757,0,143,0,0,0,27/06/2022,2022-06-28
3292,187,0,19,0,0,0,27/06/2022,2022-06-28
3293,302,6,53,1986.8,2,7,27/06/2022,2022-06-28
3294,954,8,242,838.6,5,6,27/06/2022,2022-06-28
3300,10087,70,2729,694,16,6,27/06/2022,2022-06-28
3301,1212,4,280,330,0,5,27/06/2022,2022-06-28
3302,371,0,75,0,0,0,27/06/2022,2022-06-28
3303,338,0,50,0,0,0,27/06/2022,2022-06-28
3304,2725,8,498,293.6,2,5,27/06/2022,2022-06-28
3305,12815,111,3255,866.2,21,6,27/06/2022,2022-06-28
3309,126,0,23,0,0,0,27/06/2022,2022-06-28
3310,272,1,36,367.6,0,5,27/06/2022,2022-06-28
3311,1696,4,385,235.8,0,5,27/06/2022,2022-06-28
3312,1033,1,127,96.8,0,3,27/06/2022,2022-06-28
3314,525,2,140,381,0,5,27/06/2022,2022-06-28
3315,1629,2,318,122.8,2,4,27/06/2022,2022-06-28
3317,197,0,45,0,0,0,27/06/2022,2022-06-28
3318,1265,2,208,158.1,0,4,27/06/2022,2022-06-28
3319,345,0,55,0,0,0,27/06/2022,2022-06-28
3321,1519,14,515,921.7,5,6,27/06/2022,2022-06-28
3322,176,4,39,2272.7,1,7,27/06/2022,2022-06-28
3323,88,0,15,0,0,0,27/06/2022,2022-06-28
3324,531,0,87,0,0,0,27/06/2022,2022-06-28
3325,480,5,75,1041.7,1,7,27/06/2022,2022-06-28
3328,1720,26,677,1511.6,3,7,27/06/2022,2022-06-28
3329,284,1,59,352.1,0,5,27/06/2022,2022-06-28
3330,222,1,42,450.5,0,5,27/06/2022,2022-06-28
3331,5996,70,2238,1167.4,11,7,27/06/2022,2022-06-28
3332,1013,7,319,691,1,6,27/06/2022,2022-06-28
3333,827,3,178,362.8,0,5,27/06/2022,2022-06-28
3334,566,9,114,1590.1,2,7,27/06/2022,2022-06-28
3335,5859,59,4084,1007,11,7,27/06/2022,2022-06-28
3336,0,0,0,0,0,0,27/06/2022,2022-06-28
3337,36455,183,13668,502,30,6,27/06/2022,2022-06-28
3338,23419,165,13140,704.6,27,6,27/06/2022,2022-06-28
3340,21123,119,8003,563.4,20,6,27/06/2022,2022-06-28
3341,1666,10,449,600.2,1,6,27/06/2022,2022-06-28
3342,3440,19,1051,552.3,3,6,27/06/2022,2022-06-28
3345,1151,3,358,260.6,1,5,27/06/2022,2022-06-28
3350,59147,495,21533,836.9,90,6,27/06/2022,2022-06-28
3351,8169,63,2441,771.2,10,6,27/06/2022,2022-06-28
3352,16000,110,5533,687.5,20,6,27/06/2022,2022-06-28
3355,13016,56,3555,430.2,12,5,27/06/2022,2022-06-28
3356,16322,113,4980,692.3,26,6,27/06/2022,2022-06-28
3357,3714,29,1224,780.8,2,6,27/06/2022,2022-06-28
3360,765,4,168,522.9,0,6,27/06/2022,2022-06-28
3361,680,2,144,294.1,2,5,27/06/2022,2022-06-28
3363,3476,28,862,805.5,6,6,27/06/2022,2022-06-28
3364,2149,4,509,186.1,0,4,27/06/2022,2022-06-28
3370,1782,16,404,897.9,3,6,27/06/2022,2022-06-28
3371,990,6,185,606.1,1,6,27/06/2022,2022-06-28
3373,2291,4,649,174.6,0,4,27/06/2022,2022-06-28
3374,399,2,90,501.3,1,6,27/06/2022,2022-06-28
3375,206,2,81,970.9,1,6,27/06/2022,2022-06-28
3377,9414,27,2293,286.8,3,5,27/06/2022,2022-06-28
3378,149,0,25,0,0,0,27/06/2022,2022-06-28
3379,801,0,108,0,0,0,27/06/2022,2022-06-28
3380,6033,20,1624,331.5,4,5,27/06/2022,2022-06-28
3381,1211,9,322,743.2,3,6,27/06/2022,2022-06-28
3384,547,2,142,365.6,1,5,27/06/2022,2022-06-28
3385,517,2,98,386.8,1,5,27/06/2022,2022-06-28
3387,315,0,53,0,0,0,27/06/2022,2022-06-28
3388,562,4,103,711.7,0,6,27/06/2022,2022-06-28
3390,914,1,188,109.4,0,4,27/06/2022,2022-06-28
3391,172,2,16,1162.8,0,7,27/06/2022,2022-06-28
3392,581,2,113,344.2,1,5,27/06/2022,2022-06-28
3393,2684,15,615,558.9,6,6,27/06/2022,2022-06-28
3395,361,0,64,0,0,0,27/06/2022,2022-06-28
3396,738,11,105,1490.5,2,7,27/06/2022,2022-06-28
3400,14541,104,4294,715.2,10,6,27/06/2022,2022-06-28
3401,4418,35,1160,792.2,14,6,27/06/2022,2022-06-28
3407,422,2,104,473.9,1,5,27/06/2022,2022-06-28
3409,937,7,185,747.1,0,6,27/06/2022,2022-06-28
3412,299,1,52,334.4,1,5,27/06/2022,2022-06-28
3413,220,0,22,0,0,0,27/06/2022,2022-06-28
3414,1824,11,315,603.1,2,6,27/06/2022,2022-06-28
3415,40,2,12,5000,1,7,27/06/2022,2022-06-28
3418,2771,10,776,360.9,1,5,27/06/2022,2022-06-28
3419,806,13,143,1612.9,2,7,27/06/2022,2022-06-28
3420,277,4,43,1444,0,7,27/06/2022,2022-06-28
3423,480,2,79,416.7,1,5,27/06/2022,2022-06-28
3424,769,3,158,390.1,0,5,27/06/2022,2022-06-28
3427,2761,37,2057,1340.1,3,7,27/06/2022,2022-06-28
3428,680,6,202,882.4,0,6,27/06/2022,2022-06-28
3429,36296,298,12434,821,54,6,27/06/2022,2022-06-28
3430,322,0,61,0,0,0,27/06/2022,2022-06-28
3431,3945,21,1274,532.3,4,6,27/06/2022,2022-06-28
3432,196,0,30,0,0,0,27/06/2022,2022-06-28
3433,216,0,66,0,0,0,27/06/2022,2022-06-28
3434,5070,24,1663,473.4,5,5,27/06/2022,2022-06-28
3435,2878,28,834,972.9,5,6,27/06/2022,2022-06-28
3437,10445,82,3479,785.1,19,6,27/06/2022,2022-06-28
3438,2386,19,840,796.3,2,6,27/06/2022,2022-06-28
3440,2040,5,570,245.1,2,5,27/06/2022,2022-06-28
3441,1337,2,383,149.6,0,4,27/06/2022,2022-06-28
3442,7463,60,2441,804,14,6,27/06/2022,2022-06-28
3444,9197,73,2635,793.7,13,6,27/06/2022,2022-06-28
3446,1028,14,274,1361.9,2,7,27/06/2022,2022-06-28
3447,448,1,103,223.2,0,5,27/06/2022,2022-06-28
3448,878,8,193,911.2,1,6,27/06/2022,2022-06-28
3450,6838,56,1848,819,8,6,27/06/2022,2022-06-28
3451,5654,47,1510,831.3,6,6,27/06/2022,2022-06-28
3453,1725,12,491,695.7,0,6,27/06/2022,2022-06-28
3458,1947,18,544,924.5,3,6,27/06/2022,2022-06-28
3460,2566,12,614,467.7,3,5,27/06/2022,2022-06-28
3461,4150,39,1003,939.8,7,6,27/06/2022,2022-06-28
3462,1173,8,291,682,0,6,27/06/2022,2022-06-28
3463,2454,16,477,652,4,6,27/06/2022,2022-06-28
3464,1118,4,319,357.8,2,5,27/06/2022,2022-06-28
3465,9770,53,2338,542.5,6,6,27/06/2022,2022-06-28
3467,1196,11,249,919.7,1,6,27/06/2022,2022-06-28
3468,284,3,39,1056.3,2,7,27/06/2022,2022-06-28
3469,278,0,0,0,0,0,27/06/2022,2022-06-28
3472,1482,3,248,202.4,0,5,27/06/2022,2022-06-28
3475,348,1,58,287.4,1,5,27/06/2022,2022-06-28
3477,824,5,142,606.8,2,6,27/06/2022,2022-06-28
3478,2457,18,466,732.6,2,6,27/06/2022,2022-06-28
3480,1862,17,341,913,2,6,27/06/2022,2022-06-28
3482,169,0,23,0,0,0,27/06/2022,2022-06-28
3483,888,5,149,563.1,0,6,27/06/2022,2022-06-28
3485,302,1,39,331.1,1,5,27/06/2022,2022-06-28
3487,96,0,14,0,0,0,27/06/2022,2022-06-28
3488,110,0,17,0,0,0,27/06/2022,2022-06-28
3489,53,0,10,0,0,0,27/06/2022,2022-06-28
3490,1290,6,180,465.1,1,5,27/06/2022,2022-06-28
3491,133,0,14,0,0,0,27/06/2022,2022-06-28
3494,661,6,123,907.7,1,6,27/06/2022,2022-06-28
3496,6224,33,1628,530.2,2,6,27/06/2022,2022-06-28
3498,5324,39,1592,732.5,9,6,27/06/2022,2022-06-28
3500,32738,174,10603,531.5,17,6,27/06/2022,2022-06-28
3501,1939,17,666,876.7,7,6,27/06/2022,2022-06-28
3505,4829,19,1240,393.5,4,5,27/06/2022,2022-06-28
3506,37,1,4,2702.7,0,7,27/06/2022,2022-06-28
3507,157,3,21,1910.8,0,7,27/06/2022,2022-06-28
3509,231,0,28,0,0,0,27/06/2022,2022-06-28
3512,371,4,63,1078.2,0,7,27/06/2022,2022-06-28
3515,1940,36,800,1855.7,2,7,27/06/2022,2022-06-28
3516,694,5,163,720.5,1,6,27/06/2022,2022-06-28
3517,1416,5,286,353.1,2,5,27/06/2022,2022-06-28
3518,1307,1,218,76.5,0,3,27/06/2022,2022-06-28
3520,179,0,21,0,0,0,27/06/2022,2022-06-28
3521,660,2,197,303,2,5,27/06/2022,2022-06-28
3522,334,0,63,0,0,0,27/06/2022,2022-06-28
3523,3619,13,721,359.2,5,5,27/06/2022,2022-06-28
3525,1302,6,241,460.8,2,5,27/06/2022,2022-06-28
3527,785,0,114,0,0,0,27/06/2022,2022-06-28
3529,120,0,19,0,0,0,27/06/2022,2022-06-28
3530,125,2,7,1600,1,7,27/06/2022,2022-06-28
3531,191,0,46,0,0,0,27/06/2022,2022-06-28
3533,779,0,98,0,0,0,27/06/2022,2022-06-28
3537,1042,0,194,0,0,0,27/06/2022,2022-06-28
3540,286,1,49,349.7,0,5,27/06/2022,2022-06-28
3542,155,0,26,0,0,0,27/06/2022,2022-06-28
3544,249,4,54,1606.4,2,7,27/06/2022,2022-06-28
3546,403,3,87,744.4,1,6,27/06/2022,2022-06-28
3549,3527,7,1047,198.5,0,4,27/06/2022,2022-06-28
3550,40341,411,12197,1018.8,74,7,27/06/2022,2022-06-28
3551,29564,361,11088,1221.1,80,7,27/06/2022,2022-06-28
3555,19688,190,5692,965.1,33,6,27/06/2022,2022-06-28
3556,13087,130,4040,993.4,24,6,27/06/2022,2022-06-28
3557,785,7,193,891.7,1,6,27/06/2022,2022-06-28
3558,916,2,208,218.3,1,5,27/06/2022,2022-06-28
3559,545,2,76,367,0,5,27/06/2022,2022-06-28
3561,4434,20,955,451.1,3,5,27/06/2022,2022-06-28
3562,278,1,56,359.7,0,5,27/06/2022,2022-06-28
3563,808,3,161,371.3,1,5,27/06/2022,2022-06-28
3564,15944,143,4407,896.9,25,6,27/06/2022,2022-06-28
3565,107,0,33,0,0,0,27/06/2022,2022-06-28
3566,556,3,103,539.6,1,6,27/06/2022,2022-06-28
3567,654,1,98,152.9,0,4,27/06/2022,2022-06-28
3568,2948,9,571,305.3,2,5,27/06/2022,2022-06-28
3570,752,3,131,398.9,0,5,27/06/2022,2022-06-28
3571,319,1,61,313.5,0,5,27/06/2022,2022-06-28
3572,151,4,55,2649,0,7,27/06/2022,2022-06-28
3573,331,1,72,302.1,0,5,27/06/2022,2022-06-28
3575,807,4,147,495.7,0,5,27/06/2022,2022-06-28
3576,72,0,9,0,0,0,27/06/2022,2022-06-28
3579,5362,18,1035,335.7,2,5,27/06/2022,2022-06-28
3580,990,9,184,909.1,0,6,27/06/2022,2022-06-28
3581,163,0,28,0,0,0,27/06/2022,2022-06-28
3583,208,0,35,0,0,0,27/06/2022,2022-06-28
3584,1139,10,290,878,5,6,27/06/2022,2022-06-28
3585,11205,50,3091,446.2,13,5,27/06/2022,2022-06-28
3586,825,4,164,484.8,1,5,27/06/2022,2022-06-28
3588,359,5,85,1392.8,5,7,27/06/2022,2022-06-28
3589,347,0,83,0,0,0,27/06/2022,2022-06-28
3590,335,2,89,597,1,6,27/06/2022,2022-06-28
3591,164,0,34,0,0,0,27/06/2022,2022-06-28
3594,529,2,101,378.1,2,5,27/06/2022,2022-06-28
3595,665,0,138,0,0,0,27/06/2022,2022-06-28
3596,96,0,12,0,0,0,27/06/2022,2022-06-28
3597,413,0,65,0,0,0,27/06/2022,2022-06-28
3599,133,0,43,0,0,0,27/06/2022,2022-06-28
3607,136,0,27,0,0,0,27/06/2022,2022-06-28
3608,2417,12,688,496.5,5,5,27/06/2022,2022-06-28
3610,1714,7,289,408.4,3,5,27/06/2022,2022-06-28
3612,1708,4,293,234.2,0,5,27/06/2022,2022-06-28
3614,882,3,248,340.1,0,5,27/06/2022,2022-06-28
3616,5353,34,1514,635.2,8,6,27/06/2022,2022-06-28
3617,163,3,18,1840.5,0,7,27/06/2022,2022-06-28
3618,675,2,159,296.3,0,5,27/06/2022,2022-06-28
3620,8241,33,2337,400.4,4,5,27/06/2022,2022-06-28
3621,2368,14,623,591.2,4,6,27/06/2022,2022-06-28
3622,456,2,105,438.6,2,5,27/06/2022,2022-06-28
3623,903,3,205,332.2,0,5,27/06/2022,2022-06-28
3624,558,6,127,1075.3,3,7,27/06/2022,2022-06-28
3629,9130,74,2700,810.5,13,6,27/06/2022,2022-06-28
3630,31266,214,9528,684.4,42,6,27/06/2022,2022-06-28
3631,11610,101,4531,869.9,15,6,27/06/2022,2022-06-28
3632,0,0,0,0,0,0,27/06/2022,2022-06-28
3633,604,2,158,331.1,1,5,27/06/2022,2022-06-28
3634,1798,22,472,1223.6,6,7,27/06/2022,2022-06-28
3635,536,2,138,373.1,0,5,27/06/2022,2022-06-28
3636,5241,19,1365,362.5,6,5,27/06/2022,2022-06-28
3637,593,4,153,674.5,0,6,27/06/2022,2022-06-28
3638,2075,12,448,578.3,2,6,27/06/2022,2022-06-28
3639,524,3,76,572.5,2,6,27/06/2022,2022-06-28
3640,1000,6,230,600,4,6,27/06/2022,2022-06-28
3641,1233,2,280,162.2,0,4,27/06/2022,2022-06-28
3644,9229,25,1965,270.9,5,5,27/06/2022,2022-06-28
3646,586,4,154,682.6,0,6,27/06/2022,2022-06-28
3647,40,1,8,2500,0,7,27/06/2022,2022-06-28
3649,431,1,79,232,0,5,27/06/2022,2022-06-28
3658,6221,44,1540,707.3,9,6,27/06/2022,2022-06-28
3659,734,9,197,1226.2,0,7,27/06/2022,2022-06-28
3660,7577,53,2025,699.5,10,6,27/06/2022,2022-06-28
3662,1075,11,373,1023.3,1,7,27/06/2022,2022-06-28
3663,180,3,47,1666.7,2,7,27/06/2022,2022-06-28
3664,1072,0,282,0,0,0,27/06/2022,2022-06-28
3665,357,0,56,0,0,0,27/06/2022,2022-06-28
3666,4700,13,985,276.6,1,5,27/06/2022,2022-06-28
3669,1337,6,273,448.8,0,5,27/06/2022,2022-06-28
3670,571,3,117,525.4,1,6,27/06/2022,2022-06-28
3672,10330,39,2575,377.5,11,5,27/06/2022,2022-06-28
3673,1729,6,357,347,1,5,27/06/2022,2022-06-28
3675,1803,11,451,610.1,1,6,27/06/2022,2022-06-28
3677,18101,107,5512,591.1,16,6,27/06/2022,2022-06-28
3678,6357,31,1638,487.7,5,5,27/06/2022,2022-06-28
3682,616,4,144,649.4,1,6,27/06/2022,2022-06-28
3683,1760,8,414,454.5,0,5,27/06/2022,2022-06-28
3685,2718,18,722,662.3,0,6,27/06/2022,2022-06-28
3687,1098,14,276,1275,4,7,27/06/2022,2022-06-28
3688,1237,2,378,161.7,0,4,27/06/2022,2022-06-28
3690,33522,203,10732,605.6,40,6,27/06/2022,2022-06-28
3691,9704,51,3791,525.6,10,6,27/06/2022,2022-06-28
3694,92,0,25,0,0,0,27/06/2022,2022-06-28
3695,472,1,86,211.9,0,5,27/06/2022,2022-06-28
3697,575,3,111,521.7,0,6,27/06/2022,2022-06-28
3698,862,6,234,696.1,3,6,27/06/2022,2022-06-28
3699,1124,18,300,1601.4,2,7,27/06/2022,2022-06-28
3700,1317,4,318,303.7,2,5,27/06/2022,2022-06-28
3701,1075,2,187,186,0,4,27/06/2022,2022-06-28
3704,20,0,2,0,0,0,27/06/2022,2022-06-28
3705,261,0,48,0,0,0,27/06/2022,2022-06-28
3707,1836,6,326,326.8,1,5,27/06/2022,2022-06-28
3708,58,0,11,0,0,0,27/06/2022,2022-06-28
3709,295,1,40,339,0,5,27/06/2022,2022-06-28
3711,493,1,95,202.8,1,5,27/06/2022,2022-06-28
3712,353,0,63,0,0,0,27/06/2022,2022-06-28
3713,1026,8,214,779.7,3,6,27/06/2022,2022-06-28
3714,3512,19,765,541,5,6,27/06/2022,2022-06-28
3715,308,0,62,0,0,0,27/06/2022,2022-06-28
3717,2654,14,754,527.5,2,6,27/06/2022,2022-06-28
3718,72,1,18,1388.9,0,7,27/06/2022,2022-06-28
3719,371,1,70,269.5,0,5,27/06/2022,2022-06-28
3720,569,3,159,527.2,0,6,27/06/2022,2022-06-28
3722,5020,41,1606,816.7,7,6,27/06/2022,2022-06-28
3723,3003,38,874,1265.4,11,7,27/06/2022,2022-06-28
3725,631,1,148,158.5,0,4,27/06/2022,2022-06-28
3726,404,0,74,0,0,0,27/06/2022,2022-06-28
3727,305,2,53,655.7,0,6,27/06/2022,2022-06-28
3728,635,2,171,315,0,5,27/06/2022,2022-06-28
3730,8831,38,2789,430.3,3,5,27/06/2022,2022-06-28
3732,595,1,138,168.1,1,4,27/06/2022,2022-06-28
3733,219,0,42,0,0,0,27/06/2022,2022-06-28
3735,609,4,145,656.8,0,6,27/06/2022,2022-06-28
3737,4302,12,1160,278.9,4,5,27/06/2022,2022-06-28
3738,222,0,46,0,0,0,27/06/2022,2022-06-28
3739,215,2,59,930.2,0,6,27/06/2022,2022-06-28
3740,1075,4,367,372.1,0,5,27/06/2022,2022-06-28
3741,3098,37,880,1194.3,5,7,27/06/2022,2022-06-28
3744,453,5,143,1103.8,2,7,27/06/2022,2022-06-28
3746,385,1,91,259.7,0,5,27/06/2022,2022-06-28
3747,4628,36,1164,777.9,8,6,27/06/2022,2022-06-28
3749,1889,12,512,635.3,6,6,27/06/2022,2022-06-28
3750,9060,110,8776,1214.1,17,7,27/06/2022,2022-06-28
3751,272,0,54,0,0,0,27/06/2022,2022-06-28
3752,24057,139,9085,577.8,28,6,27/06/2022,2022-06-28
3753,2328,33,1629,1417.5,11,7,27/06/2022,2022-06-28
3754,37758,339,18462,897.8,66,6,27/06/2022,2022-06-28
3755,251,1,60,398.4,0,5,27/06/2022,2022-06-28
3756,11926,96,5166,805,12,6,27/06/2022,2022-06-28
3757,8955,39,2715,435.5,10,5,27/06/2022,2022-06-28
3758,2182,14,626,641.6,3,6,27/06/2022,2022-06-28
3759,1062,12,302,1129.9,4,7,27/06/2022,2022-06-28
3760,372,3,116,806.5,0,6,27/06/2022,2022-06-28
3761,1230,7,308,569.1,2,6,27/06/2022,2022-06-28
3762,131,1,24,763.4,0,6,27/06/2022,2022-06-28
3763,1536,6,442,390.6,0,5,27/06/2022,2022-06-28
3764,9161,64,2967,698.6,10,6,27/06/2022,2022-06-28
3765,6764,50,2254,739.2,9,6,27/06/2022,2022-06-28
3766,1240,15,331,1209.7,3,7,27/06/2022,2022-06-28
3767,1253,19,354,1516.4,2,7,27/06/2022,2022-06-28
3770,3222,22,882,682.8,7,6,27/06/2022,2022-06-28
3775,3865,19,959,491.6,1,5,27/06/2022,2022-06-28
3777,10753,72,2738,669.6,15,6,27/06/2022,2022-06-28
3778,199,1,31,502.5,0,6,27/06/2022,2022-06-28
3779,394,6,92,1522.8,0,7,27/06/2022,2022-06-28
3781,4471,27,1356,603.9,4,6,27/06/2022,2022-06-28
3782,7824,45,2342,575.2,6,6,27/06/2022,2022-06-28
3783,2350,12,640,510.6,4,6,27/06/2022,2022-06-28
3785,77,0,13,0,0,0,27/06/2022,2022-06-28
3786,1520,10,466,657.9,4,6,27/06/2022,2022-06-28
3787,1059,7,283,661,2,6,27/06/2022,2022-06-28
3788,1742,23,514,1320.3,3,7,27/06/2022,2022-06-28
3789,265,1,82,377.4,0,5,27/06/2022,2022-06-28
3791,1440,15,397,1041.7,3,7,27/06/2022,2022-06-28
3792,1064,4,286,375.9,0,5,27/06/2022,2022-06-28
3793,3575,36,1122,1007,5,7,27/06/2022,2022-06-28
3795,1249,4,349,320.3,0,5,27/06/2022,2022-06-28
3796,9698,74,3025,763,11,6,27/06/2022,2022-06-28
3797,3474,16,1032,460.6,6,5,27/06/2022,2022-06-28
3799,5800,43,1439,741.4,11,6,27/06/2022,2022-06-28
3800,2211,1,30,45.2,0,2,27/06/2022,2022-06-28
3802,24292,156,7679,642.2,20,6,27/06/2022,2022-06-28
3803,10856,70,3528,644.8,20,6,27/06/2022,2022-06-28
3804,8096,35,2649,432.3,4,5,27/06/2022,2022-06-28
3805,56937,363,19215,637.5,63,6,27/06/2022,2022-06-28
3806,48521,329,16958,678.1,64,6,27/06/2022,2022-06-28
3807,7096,43,2580,606,5,6,27/06/2022,2022-06-28
3808,3031,16,905,527.9,8,6,27/06/2022,2022-06-28
3809,7212,174,7325,2412.6,24,7,27/06/2022,2022-06-28
3810,47892,372,18175,776.7,82,6,27/06/2022,2022-06-28
3812,2310,14,648,606.1,3,6,27/06/2022,2022-06-28
3813,886,0,246,0,0,0,27/06/2022,2022-06-28
3814,2257,11,631,487.4,3,5,27/06/2022,2022-06-28
3815,3020,18,946,596,2,6,27/06/2022,2022-06-28
3816,2717,18,816,662.5,6,6,27/06/2022,2022-06-28
3818,14170,120,4923,846.9,16,6,27/06/2022,2022-06-28
3820,15952,127,6212,796.1,19,6,27/06/2022,2022-06-28
3821,2918,10,731,342.7,2,5,27/06/2022,2022-06-28
3822,983,2,252,203.5,0,5,27/06/2022,2022-06-28
3823,1839,16,615,870,3,6,27/06/2022,2022-06-28
3824,5003,38,1425,759.5,7,6,27/06/2022,2022-06-28
3825,20282,144,5704,710,34,6,27/06/2022,2022-06-28
3831,1701,20,480,1175.8,5,7,27/06/2022,2022-06-28
3832,249,7,60,2811.2,4,7,27/06/2022,2022-06-28
3833,304,0,63,0,0,0,27/06/2022,2022-06-28
3835,472,3,100,635.6,0,6,27/06/2022,2022-06-28
3840,16478,85,4690,515.8,19,6,27/06/2022,2022-06-28
3842,4784,37,1398,773.4,10,6,27/06/2022,2022-06-28
3844,28981,219,9911,755.7,41,6,27/06/2022,2022-06-28
3847,2191,21,461,958.5,2,6,27/06/2022,2022-06-28
3850,14782,120,4676,811.8,33,6,27/06/2022,2022-06-28
3851,5689,32,1347,562.5,6,6,27/06/2022,2022-06-28
3852,92,3,97,3260.9,1,7,27/06/2022,2022-06-28
3854,1400,10,372,714.3,1,6,27/06/2022,2022-06-28
3856,992,12,322,1209.7,5,7,27/06/2022,2022-06-28
3857,368,2,69,543.5,0,6,27/06/2022,2022-06-28
3858,3026,13,761,429.6,5,5,27/06/2022,2022-06-28
3859,834,1,197,119.9,0,4,27/06/2022,2022-06-28
3860,7171,40,1869,557.8,8,6,27/06/2022,2022-06-28
3862,3157,32,990,1013.6,6,7,27/06/2022,2022-06-28
3864,218,0,60,0,0,0,27/06/2022,2022-06-28
3865,445,3,134,674.2,0,6,27/06/2022,2022-06-28
3869,1624,19,497,1170,8,7,27/06/2022,2022-06-28
3870,1265,9,302,711.5,1,6,27/06/2022,2022-06-28
3871,2904,21,629,723.1,1,6,27/06/2022,2022-06-28
3873,323,2,70,619.2,0,6,27/06/2022,2022-06-28
3874,558,4,146,716.8,0,6,27/06/2022,2022-06-28
3875,18625,113,4907,606.7,13,6,27/06/2022,2022-06-28
3878,1098,4,265,364.3,2,5,27/06/2022,2022-06-28
3880,4037,45,808,1114.7,10,7,27/06/2022,2022-06-28
3882,1094,7,306,639.9,3,6,27/06/2022,2022-06-28
3885,1868,11,393,588.9,2,6,27/06/2022,2022-06-28
3886,395,2,72,506.3,0,6,27/06/2022,2022-06-28
3887,342,1,61,292.4,0,5,27/06/2022,2022-06-28
3888,3421,15,579,438.5,5,5,27/06/2022,2022-06-28
3889,179,0,13,0,0,0,27/06/2022,2022-06-28
3890,324,0,53,0,0,0,27/06/2022,2022-06-28
3891,104,0,12,0,0,0,27/06/2022,2022-06-28
3892,1060,9,215,849.1,1,6,27/06/2022,2022-06-28
3893,22,0,1,0,0,0,27/06/2022,2022-06-28
3895,194,0,20,0,0,0,27/06/2022,2022-06-28
3896,405,1,59,246.9,0,5,27/06/2022,2022-06-28
3898,790,12,153,1519,1,7,27/06/2022,2022-06-28
3900,151,0,20,0,0,0,27/06/2022,2022-06-28
3902,412,1,67,242.7,0,5,27/06/2022,2022-06-28
3903,746,2,195,268.1,1,5,27/06/2022,2022-06-28
3904,1452,6,368,413.2,0,5,27/06/2022,2022-06-28
3909,7901,47,1798,594.9,13,6,27/06/2022,2022-06-28
3910,22587,158,7957,699.5,27,6,27/06/2022,2022-06-28
3911,3413,22,996,644.6,6,6,27/06/2022,2022-06-28
3912,15154,96,4850,633.5,13,6,27/06/2022,2022-06-28
3913,3337,31,1047,929,8,6,27/06/2022,2022-06-28
3915,9960,58,3054,582.3,11,6,27/06/2022,2022-06-28
3916,952,7,317,735.3,1,6,27/06/2022,2022-06-28
3918,3704,34,1160,917.9,8,6,27/06/2022,2022-06-28
3919,3182,23,920,722.8,3,6,27/06/2022,2022-06-28
3920,1037,6,262,578.6,1,6,27/06/2022,2022-06-28
3921,114,0,10,0,0,0,27/06/2022,2022-06-28
3922,7740,56,2565,723.5,12,6,27/06/2022,2022-06-28
3923,516,8,187,1550.4,3,7,27/06/2022,2022-06-28
3925,3377,35,1295,1036.4,11,7,27/06/2022,2022-06-28
3926,3240,25,950,771.6,3,6,27/06/2022,2022-06-28
3927,1671,10,543,598.4,4,6,27/06/2022,2022-06-28
3928,413,3,146,726.4,0,6,27/06/2022,2022-06-28
3929,906,4,270,441.5,3,5,27/06/2022,2022-06-28
3930,17889,96,5584,536.6,16,6,27/06/2022,2022-06-28
3931,23991,177,7402,737.8,34,6,27/06/2022,2022-06-28
3933,1101,6,258,545,1,6,27/06/2022,2022-06-28
3934,18547,138,5994,744.1,34,6,27/06/2022,2022-06-28
3936,11024,89,3985,807.3,10,6,27/06/2022,2022-06-28
3937,1519,11,464,724.2,1,6,27/06/2022,2022-06-28
3938,2820,20,960,709.2,1,6,27/06/2022,2022-06-28
3939,14522,113,4688,778.1,20,6,27/06/2022,2022-06-28
3940,4930,31,1395,628.8,5,6,27/06/2022,2022-06-28
3941,12174,92,4195,755.7,20,6,27/06/2022,2022-06-28
3942,2317,14,898,604.2,3,6,27/06/2022,2022-06-28
3943,1593,8,621,502.2,1,6,27/06/2022,2022-06-28
3944,510,5,343,980.4,2,6,27/06/2022,2022-06-28
3945,976,7,259,717.2,0,6,27/06/2022,2022-06-28
3946,216,3,48,1388.9,1,7,27/06/2022,2022-06-28
3950,4798,28,1394,583.6,2,6,27/06/2022,2022-06-28
3951,1005,7,218,696.5,1,6,27/06/2022,2022-06-28
3953,7859,40,2036,509,5,6,27/06/2022,2022-06-28
3954,404,4,91,990.1,0,6,27/06/2022,2022-06-28
3956,2818,25,650,887.2,7,6,27/06/2022,2022-06-28
3957,279,0,58,0,0,0,27/06/2022,2022-06-28
3958,272,0,57,0,0,0,27/06/2022,2022-06-28
3959,1153,5,309,433.7,1,5,27/06/2022,2022-06-28
3960,2477,19,592,767.1,2,6,27/06/2022,2022-06-28
3962,913,4,162,438.1,1,5,27/06/2022,2022-06-28
3964,133,1,44,751.9,0,6,27/06/2022,2022-06-28
3965,208,1,32,480.8,0,5,27/06/2022,2022-06-28
3966,510,1,105,196.1,0,4,27/06/2022,2022-06-28
3967,127,0,10,0,0,0,27/06/2022,2022-06-28
3971,4017,21,862,522.8,1,6,27/06/2022,2022-06-28
3975,15246,118,6183,774,36,6,27/06/2022,2022-06-28
3976,25532,97,7933,379.9,11,5,27/06/2022,2022-06-28
3977,93322,652,39469,698.7,115,6,27/06/2022,2022-06-28
3978,10648,254,16282,2385.4,35,7,27/06/2022,2022-06-28
3979,315,0,76,0,0,0,27/06/2022,2022-06-28
3980,3350,14,982,417.9,3,5,27/06/2022,2022-06-28
3981,4901,21,1451,428.5,5,5,27/06/2022,2022-06-28
3984,5212,42,1819,805.8,4,6,27/06/2022,2022-06-28
3987,1527,3,360,196.5,0,4,27/06/2022,2022-06-28
3988,1001,0,226,0,0,0,27/06/2022,2022-06-28
3990,110,0,27,0,0,0,27/06/2022,2022-06-28
3991,357,1,75,280.1,0,5,27/06/2022,2022-06-28
3992,966,11,354,1138.7,1,7,27/06/2022,2022-06-28
3995,10171,58,3030,570.2,13,6,27/06/2022,2022-06-28
3996,5541,43,1781,776,9,6,27/06/2022,2022-06-28
9998,,0,621,0,0,0,27/06/2022,2022-06-28
9999,,335,19884,0,60,0,27/06/2022,2022-06-28